Property_ID,List_Price,Market_Value,Price_Premium_%,Area_sqft,Bedrooms,Bathrooms,Age_Years,Condition_Score,Crime_Rate,School_Rating,Distance_to_City_km,Listing_Photos,Days_on_Market,Unsold_6_Months
P001,346000,307000,12.8,1469,3,2,18,5.7,22.7,8.0,7.1,39,156,0
P002,145000,164000,-11.4,857,2,1,38,4.4,24.7,8.5,10.2,19,7,0
P003,277000,303000,-8.5,1897,4,3,23,4.7,44.3,5.4,15.4,10,61,0
P004,283000,288000,-1.6,1863,4,3,23,7.5,37.3,2.6,22.5,7,189,1
P005,60000,58000,3.8,500,1,1,21,6.2,55.6,1.4,26.7,35,191,1
P006,163000,150000,8.5,874,2,2,30,5.3,33.0,6.4,13.6,8,165,0
P007,312000,289000,7.9,1205,3,3,22,5.9,2.0,9.7,1.7,19,81,0
P008,267000,232000,15.1,1253,2,2,24,5.7,30.3,7.1,11.2,28,216,1
P009,331000,287000,15.3,1632,4,2,13,6.7,34.0,5.5,12.6,22,170,0
P010,194000,200000,-2.9,1032,2,1,24,6.9,28.8,5.9,12.5,14,62,0
P011,257000,240000,7.1,1804,3,2,36,4.4,53.5,3.9,19.0,8,272,1
P012,335000,344000,-2.6,1816,5,3,10,7.6,31.3,4.4,13.7,29,7,0
P013,281000,272000,3.3,1537,3,2,36,4.0,27.4,5.7,13.0,22,122,0
P014,288000,267000,7.9,1668,4,3,38,4.4,31.2,6.7,15.8,6,176,0
P015,195000,262000,-25.7,1409,4,2,36,4.4,26.8,7.6,9.2,11,7,0
P016,232000,183000,26.7,1039,2,1,40,3.8,24.6,6.3,10.4,24,269,1
P017,318000,289000,10.1,1480,3,2,29,5.3,21.5,7.4,12.3,10,171,0
P018,182000,183000,-0.4,1126,2,2,27,5.1,40.4,4.9,16.7,18,107,0
P019,421000,344000,22.3,1757,4,3,27,4.4,23.4,7.4,7.8,9,222,1
P020,259000,254000,1.9,1145,3,1,10,7.8,7.2,9.1,5.5,32,21,0
P021,202000,190000,6.2,1165,3,2,16,6.0,33.8,3.9,16.3,27,102,0
P022,126000,125000,0.6,764,2,2,23,7.4,44.0,4.6,16.3,32,109,0
P023,492000,410000,19.9,1922,4,3,20,6.4,19.6,7.9,3.9,6,238,1
P024,249000,239000,4.1,1308,3,1,19,6.3,28.7,4.4,9.7,18,107,0
P025,231000,217000,6.3,1156,2,3,51,1.9,16.7,7.5,4.6,14,153,0
P026,264000,228000,15.8,1371,2,2,23,3.2,34.0,6.5,11.8,26,228,1
P027,370000,335000,10.3,1783,4,2,46,2.0,19.8,8.6,4.9,33,89,0
P028,296000,283000,4.5,1544,2,2,26,5.9,23.4,5.2,12.7,12,147,0
P029,284000,247000,15.0,1330,4,3,22,6.7,24.3,5.2,10.6,31,279,1
P030,479000,375000,27.8,1668,3,2,22,6.4,17.0,8.4,6.1,25,197,1
P031,486000,450000,7.9,2430,6,4,18,9.1,32.9,6.7,11.0,33,99,0
P032,215000,203000,6.1,1254,2,2,24,7.0,40.8,4.3,14.8,7,201,1
P033,226000,212000,6.5,1287,3,2,39,6.1,29.1,6.3,15.0,39,192,1
P034,203000,174000,16.8,894,2,2,13,6.8,27.4,7.0,11.4,20,215,1
P035,268000,269000,-0.4,1918,4,2,30,5.9,48.5,3.9,16.8,14,83,0
P036,356000,347000,2.5,1793,4,3,27,4.8,26.2,6.0,9.8,11,122,0
P037,235000,258000,-8.8,1439,3,1,11,8.3,35.4,5.9,18.6,39,78,0
P038,154000,163000,-5.7,819,3,1,32,4.4,19.3,7.6,7.4,35,31,0
P039,126000,126000,0.3,917,2,2,11,6.1,48.2,2.9,20.2,9,117,0
P040,333000,319000,4.5,1875,4,3,22,6.3,36.8,4.1,14.8,20,136,0
P041,274000,227000,20.9,1703,4,3,40,4.3,50.2,3.4,18.9,30,254,1
P042,330000,301000,9.8,1745,4,3,17,7.1,37.0,5.0,15.0,25,192,1
P043,211000,218000,-3.2,1129,3,1,9,7.6,24.2,6.3,10.9,11,21,0
P044,260000,264000,-1.6,1492,3,3,19,4.7,29.6,6.0,9.8,17,88,0
P045,316000,269000,17.4,1616,2,2,35,2.9,33.1,5.4,11.1,17,215,1
P046,283000,246000,15.1,1470,3,2,34,5.6,29.9,5.2,12.3,15,213,1
P047,297000,282000,5.3,1578,4,2,17,5.8,30.1,7.6,10.9,38,161,0
P048,232000,230000,1.0,1404,3,3,26,6.1,41.2,5.2,14.9,12,128,0
P049,378000,328000,15.1,1772,4,2,35,4.3,27.2,6.5,8.8,29,168,0
P050,283000,294000,-3.9,1478,3,2,17,7.6,29.7,7.5,9.5,36,7,0
P051,255000,235000,8.5,1342,4,1,42,4.1,30.5,6.0,12.2,32,89,0
P052,380000,303000,25.5,1597,3,2,24,5.8,21.3,5.9,9.6,32,196,1
P053,135000,126000,6.8,674,2,1,20,7.1,23.7,7.3,11.6,10,145,0
P054,297000,303000,-2.0,1212,4,1,2,9.8,11.4,7.9,2.8,9,7,0
P055,182000,167000,8.7,1023,3,2,48,3.5,29.0,6.6,13.5,32,154,0
P056,198000,196000,0.8,1037,3,1,18,8.6,28.2,5.3,14.0,31,102,0
P057,182000,197000,-7.5,1189,2,1,25,6.1,35.0,4.6,16.7,30,16,0
P058,391000,351000,11.3,2165,4,3,23,6.4,37.4,4.7,17.6,19,182,1
P059,197000,171000,15.1,1107,2,2,28,6.3,38.5,4.5,18.2,23,187,1
P060,308000,301000,2.2,1818,3,3,14,6.8,36.7,3.9,15.4,5,177,0
P061,107000,105000,1.6,596,1,1,30,4.9,35.3,6.5,12.8,15,189,1
P062,247000,257000,-3.7,1266,4,2,7,9.3,27.8,6.6,12.8,23,7,0
P063,251000,242000,3.7,1375,3,3,31,4.4,39.4,5.1,10.5,9,132,0
P064,268000,268000,-0.1,1526,4,3,13,7.9,37.6,4.6,13.8,9,141,0
P065,296000,309000,-4.1,1607,4,3,34,4.6,20.7,8.5,8.8,6,23,0
P066,400000,328000,22.0,1681,4,2,26,6.2,23.4,8.5,9.9,12,255,1
P067,199000,182000,9.2,1103,3,2,20,2.4,32.5,6.3,11.0,39,203,1
P068,228000,207000,10.2,1211,3,2,21,7.5,37.6,4.0,14.5,29,157,0
P069,440000,389000,13.0,1874,4,2,14,8.1,33.4,7.3,9.6,38,116,0
P070,231000,206000,11.9,1123,3,2,28,6.8,24.9,7.0,6.8,13,242,1
P071,124000,122000,1.3,829,2,2,26,5.3,46.5,4.3,17.4,25,209,1
P072,155000,144000,7.5,864,1,2,44,4.0,31.4,6.5,12.0,36,150,0
P073,193000,188000,2.6,1027,1,2,29,7.1,21.4,6.7,10.6,17,93,0
P074,254000,233000,8.9,1622,3,2,43,2.9,41.2,4.5,18.4,28,180,0
P075,243000,225000,8.1,1290,3,2,39,5.3,33.4,5.8,8.8,29,187,1
P076,239000,235000,1.6,1559,3,3,25,6.4,39.7,2.2,16.2,34,69,0
P077,251000,270000,-7.0,1211,3,1,7,8.7,17.9,8.4,1.4,38,7,0
P078,402000,378000,6.3,1595,3,2,0,10.0,11.9,8.1,6.0,26,13,0
P079,246000,238000,3.2,1416,3,3,28,5.6,27.2,6.0,12.2,25,111,0
P080,233000,265000,-12.0,1302,2,2,14,8.0,30.9,5.5,9.5,35,7,0
P081,250000,228000,9.6,1748,4,2,21,5.7,49.8,2.7,23.9,28,300,1
P082,189000,166000,13.7,1084,3,2,31,5.2,36.0,5.8,18.3,17,225,1
P083,296000,232000,27.8,1303,2,2,21,6.9,33.6,5.6,13.3,27,256,1
P084,183000,180000,1.5,1144,3,2,31,5.9,37.6,4.2,15.5,24,160,0
P085,167000,167000,0.2,848,2,1,22,6.8,21.7,7.4,11.2,13,86,0
P086,296000,312000,-5.0,1425,4,3,31,6.3,15.0,10.0,4.0,23,52,0
P087,136000,127000,6.9,907,2,2,42,2.7,35.9,3.3,15.1,26,210,1
P088,236000,221000,6.8,1519,3,3,48,2.6,33.9,4.8,11.9,36,173,0
P089,281000,288000,-2.3,1498,3,2,10,6.0,28.5,5.7,10.2,25,7,0
P090,338000,327000,3.4,1546,4,3,25,7.1,19.4,8.1,7.1,10,32,0
P091,197000,226000,-12.8,1533,4,2,35,5.2,46.0,4.0,21.4,39,7,0
P092,249000,220000,13.3,1186,3,3,33,6.4,25.1,7.5,11.1,25,181,1
P093,266000,271000,-1.9,1189,3,2,18,6.4,17.4,10.0,3.2,15,7,0
P094,196000,187000,4.7,1277,3,2,22,6.3,41.7,3.7,16.2,31,195,1
P095,92000,100000,-7.8,686,1,1,35,5.2,48.8,3.6,18.2,18,96,0
P096,148000,148000,-0.2,803,2,1,17,8.0,29.3,7.3,10.2,17,63,0
P097,161000,157000,2.5,843,2,2,7,9.7,40.0,4.8,15.2,34,28,0
P098,209000,199000,4.9,980,2,1,22,8.7,20.1,6.8,10.4,35,85,0
P099,378000,346000,9.3,1769,2,1,21,7.0,35.9,5.0,11.9,23,88,0
P100,158000,134000,18.0,864,3,2,22,7.4,48.3,4.3,18.7,18,203,1
P101,278000,249000,11.6,1223,3,1,17,7.3,21.3,7.6,11.1,35,143,0
P102,420000,369000,13.7,2121,3,4,19,8.4,33.1,7.0,14.7,11,212,1
P103,352000,298000,18.0,1391,2,2,19,7.9,21.7,6.9,5.3,31,136,0
P104,296000,269000,10.1,1561,4,3,23,6.8,39.9,6.2,18.2,25,180,0
P105,152000,145000,4.7,942,2,2,35,4.1,35.4,5.0,13.8,34,152,0
P106,334000,293000,14.1,1471,3,1,19,6.6,25.3,7.5,11.4,19,168,0
P107,216000,188000,14.7,1033,3,1,33,4.3,26.2,5.9,4.1,34,158,0
P108,255000,230000,10.8,1271,2,2,39,4.3,26.5,7.9,12.8,5,269,1
P109,254000,276000,-8.1,1752,3,3,6,8.1,40.0,3.9,21.7,31,11,0
P110,113000,116000,-2.6,577,1,1,14,8.0,21.9,6.8,9.9,7,106,0
P111,290000,283000,2.5,1630,4,1,11,8.5,40.2,4.9,17.3,27,80,0
P112,301000,269000,12.0,1477,3,3,38,5.3,32.7,5.8,12.2,11,216,1
P113,161000,154000,4.8,1128,3,1,34,3.9,49.3,3.3,16.4,38,197,1
P114,164000,142000,15.2,759,2,1,24,6.2,29.1,6.3,11.3,31,213,1
P115,258000,221000,16.8,1351,3,1,21,7.5,38.4,3.2,13.6,8,218,1
P116,218000,188000,15.8,1226,2,1,33,6.6,44.5,4.6,15.9,36,251,1
P117,446000,385000,15.8,1854,3,2,0,8.7,20.9,8.1,11.4,13,223,1
P118,208000,217000,-4.3,1197,3,2,24,5.2,27.2,5.8,13.0,24,48,0
P119,402000,368000,9.3,2160,5,3,35,6.1,32.2,5.3,13.0,7,184,1
P120,240000,241000,-0.5,1201,3,3,38,4.7,11.9,8.1,4.7,8,70,0
P121,160000,177000,-9.8,1009,2,1,15,6.9,35.3,5.6,12.5,13,20,0
P122,275000,269000,2.4,1486,3,2,25,4.9,30.5,5.5,13.3,23,161,0
P123,331000,283000,16.9,1590,3,3,33,4.4,30.3,5.7,8.9,24,180,0
P124,385000,353000,9.1,2153,4,3,32,5.5,37.8,5.9,15.2,34,125,0
P125,418000,339000,23.2,1799,4,2,36,5.3,26.7,6.7,11.6,10,315,1
P126,300000,281000,6.6,1696,3,2,30,6.7,37.0,6.8,14.0,31,165,0
P127,429000,338000,27.0,1777,6,4,5,9.6,33.5,5.4,15.7,5,338,1
P128,235000,220000,6.6,1056,2,2,30,6.9,19.4,7.4,5.9,15,90,0
P129,188000,179000,5.2,1157,3,1,24,5.8,36.5,5.3,15.7,11,182,1
P130,109000,117000,-6.5,1112,3,1,41,2.3,53.2,2.6,19.7,9,169,0
P131,254000,221000,15.0,1078,3,2,25,3.6,18.2,9.2,7.6,25,169,0
P132,159000,158000,0.5,681,3,1,20,5.5,4.4,10.0,1.0,36,7,0
P133,277000,279000,-0.8,1703,3,2,27,4.8,33.9,4.8,14.3,28,128,0
P134,232000,199000,16.5,1298,3,2,5,7.4,44.9,2.8,19.6,34,215,1
P135,152000,132000,15.4,772,1,2,28,5.3,30.7,5.4,11.1,25,202,1
P136,232000,201000,15.2,1073,2,2,6,8.1,28.1,4.5,11.9,6,176,0
P137,239000,235000,1.7,1329,3,2,9,6.4,36.8,5.5,15.5,17,79,0
P138,309000,296000,4.5,1894,4,2,19,6.4,44.3,5.3,16.9,33,160,0
P139,461000,441000,4.5,2300,5,4,24,5.4,26.9,7.1,7.7,6,87,0
P140,576000,514000,12.0,2687,6,4,22,6.4,33.2,5.8,10.5,8,194,1
P141,278000,234000,19.0,1410,3,3,15,8.9,42.7,2.4,17.7,34,271,1
P142,187000,173000,8.3,1015,2,1,45,1.0,35.8,8.5,16.1,7,264,1
P143,124000,101000,22.8,500,2,1,49,2.0,10.6,9.2,4.4,38,164,0
P144,321000,284000,13.1,1598,3,2,30,5.9,29.5,5.8,10.6,31,156,0
P145,152000,148000,2.9,855,2,2,25,4.7,31.4,5.2,16.2,28,123,0
P146,253000,225000,12.5,1220,2,2,14,7.3,32.8,4.6,8.9,23,155,0
P147,265000,220000,20.4,1110,2,2,20,8.1,27.8,8.1,9.7,8,170,0
P148,252000,205000,23.0,1477,3,2,25,4.7,45.1,2.9,22.9,19,329,1
P149,418000,361000,15.7,1858,4,3,16,7.8,35.6,7.4,11.1,33,147,0
P150,266000,253000,5.2,1387,3,3,14,6.8,34.5,5.4,10.1,36,152,0
P151,289000,281000,3.0,1268,3,1,18,7.6,14.5,10.0,3.8,20,42,0
P152,224000,203000,10.2,1087,2,1,20,7.7,27.9,5.9,15.6,34,160,0
P153,187000,156000,20.1,711,1,1,24,6.5,16.7,9.4,6.1,32,111,0
P154,185000,170000,8.9,1135,2,1,28,6.1,39.4,4.8,14.7,7,185,1
P155,295000,270000,9.1,1347,3,2,19,7.8,22.3,7.4,8.3,26,133,0
P156,399000,378000,5.5,2008,5,3,23,5.5,24.0,6.8,9.6,26,145,0
P157,248000,243000,2.0,1505,3,2,21,5.5,48.5,4.4,16.2,24,91,0
P158,337000,326000,3.5,1631,4,2,11,9.0,27.3,7.8,14.0,32,51,0
P159,242000,228000,6.2,1266,3,2,46,1.1,13.3,7.2,9.3,36,93,0
P160,167000,139000,20.5,882,1,1,34,1.8,30.1,5.5,14.2,24,271,1
P161,169000,164000,2.8,1252,2,1,29,3.8,45.0,3.3,16.1,16,229,1
P162,175000,166000,5.5,942,2,1,27,4.2,32.3,6.3,9.4,39,95,0
P163,360000,370000,-2.8,2345,6,3,30,6.8,40.3,4.2,16.7,38,69,0
P164,217000,195000,11.4,1246,2,1,37,3.4,35.8,5.7,10.7,29,169,0
P165,378000,322000,17.3,1920,4,2,47,3.5,28.2,5.7,11.9,27,208,1
P166,146000,122000,19.6,910,3,1,38,3.9,46.7,2.0,19.4,8,382,1
P167,339000,317000,6.8,1846,5,2,7,8.9,41.0,3.4,16.2,19,121,0
P168,364000,330000,10.2,1573,3,2,11,8.4,23.2,5.9,8.0,11,75,0
P169,232000,224000,3.6,1363,2,2,38,6.1,31.0,3.8,13.9,23,127,0
P170,172000,157000,9.8,1298,3,2,25,7.1,48.3,2.0,23.3,33,170,0
P171,218000,202000,7.8,1095,2,2,24,4.5,27.2,7.6,11.0,12,130,0
P172,246000,233000,5.5,1409,3,3,42,2.5,30.3,6.9,12.1,39,193,1
P173,210000,198000,6.2,1211,2,1,29,5.4,40.3,5.3,15.0,9,170,0
P174,139000,127000,9.1,902,1,1,36,3.4,42.0,2.3,15.8,8,305,1
P175,161000,157000,2.4,798,2,1,27,7.5,25.6,6.2,6.5,39,52,0
P176,225000,219000,2.8,1284,3,2,48,3.0,19.8,8.1,9.6,8,161,0
P177,600000,498000,20.4,2229,5,4,35,6.3,12.0,9.0,3.3,30,190,1
P178,374000,289000,29.4,1516,3,2,28,7.4,26.9,7.2,11.0,31,169,0
P179,228000,242000,-5.8,1259,3,1,17,5.3,29.0,6.1,6.2,16,41,0
P180,253000,270000,-6.3,1495,3,2,15,6.2,33.0,5.8,11.1,7,57,0
P181,320000,332000,-3.6,1808,5,4,46,3.1,18.7,6.8,11.1,15,137,0
P182,290000,279000,4.1,1376,3,2,17,7.5,18.4,7.4,9.7,7,129,0
P183,258000,228000,13.1,1151,2,2,30,4.5,15.9,8.1,4.2,28,115,0
P184,396000,359000,10.3,2045,4,2,16,9.5,37.0,4.8,18.8,36,179,0
P185,275000,258000,6.5,1516,3,2,22,5.1,36.7,4.5,13.7,39,111,0
P186,369000,336000,9.8,2168,5,3,35,3.7,28.8,5.4,14.7,33,160,0
P187,272000,275000,-1.2,1418,3,1,22,5.9,19.0,6.3,9.6,32,56,0
P188,195000,190000,2.8,879,2,1,14,6.7,13.6,8.7,5.3,35,25,0
P189,143000,136000,4.8,767,3,2,18,7.2,32.7,7.4,12.4,31,158,0
P190,346000,381000,-9.3,2248,5,2,23,4.9,28.4,6.4,17.9,27,43,0
P191,405000,429000,-5.5,2111,5,3,15,8.8,21.5,7.1,12.8,39,7,0
P192,199000,210000,-5.1,1131,2,1,16,8.2,28.9,5.5,14.6,16,71,0
P193,235000,210000,11.9,1062,2,2,29,5.8,21.8,6.0,9.3,19,192,1
P194,298000,278000,7.2,1994,4,3,14,7.8,45.5,1.3,19.0,36,190,1
P195,152000,138000,10.5,752,2,2,5,10.0,37.0,5.7,17.9,15,191,1
P196,171000,193000,-11.6,1047,1,2,7,10.0,41.3,4.1,13.4,15,7,0
P197,175000,191000,-8.4,1634,4,3,41,3.8,45.7,1.7,21.8,10,156,0
P198,250000,225000,11.0,1507,3,2,34,3.4,37.8,4.3,12.6,14,274,1
P199,168000,210000,-20.0,1189,3,2,16,8.2,42.3,3.7,11.6,25,7,0
P200,258000,222000,16.0,1351,2,1,36,3.9,30.1,4.7,13.4,36,215,1
P201,238000,269000,-11.4,1417,3,3,42,3.8,17.7,7.7,5.9,9,91,0
P202,377000,335000,12.6,1974,4,2,27,4.7,36.9,4.9,9.0,28,244,1
P203,230000,237000,-3.0,1458,3,2,12,6.0,38.1,3.8,17.2,31,71,0
P204,287000,251000,14.4,1411,4,3,27,4.9,34.9,5.3,16.5,36,156,0
P205,133000,99000,33.9,506,1,1,35,3.5,22.3,8.1,10.6,31,349,1
P206,206000,244000,-15.5,1606,3,2,35,4.6,37.4,4.3,15.4,10,73,0
P207,164000,147000,11.3,966,2,2,34,3.5,40.1,4.4,15.7,22,224,1
P208,143000,161000,-11.3,883,2,1,32,3.6,26.3,7.4,11.5,38,7,0
P209,245000,225000,8.8,1128,2,2,0,9.8,36.1,5.5,15.1,36,82,0
P210,251000,243000,3.1,1230,2,2,25,5.5,22.0,6.8,8.7,26,74,0
P211,350000,330000,6.2,1742,4,3,18,7.9,30.3,6.4,12.1,38,59,0
P212,98000,101000,-3.2,530,2,1,27,5.7,23.4,7.7,9.8,28,53,0
P213,260000,232000,12.0,1491,4,2,32,5.2,42.1,4.2,17.2,7,239,1
P214,185000,201000,-8.0,1169,3,1,28,4.4,26.0,6.0,11.8,36,17,0
P215,193000,166000,16.2,1131,2,2,49,1.7,36.0,5.0,12.6,10,331,1
P216,262000,259000,1.3,1866,4,3,47,2.9,42.8,3.4,19.6,18,222,1
P217,184000,199000,-7.6,1572,4,2,47,2.1,38.8,4.1,20.7,13,179,0
P218,394000,330000,19.4,1938,4,3,46,2.9,28.7,7.5,10.2,30,244,1
P219,234000,224000,4.4,1403,3,2,38,4.6,42.1,5.8,16.8,6,212,1
P220,194000,159000,22.2,926,2,1,13,8.9,43.2,4.6,15.3,27,231,1
P221,293000,253000,16.0,1425,3,2,12,6.7,36.6,5.9,15.6,35,140,0
P222,287000,293000,-2.2,1341,3,3,8,6.7,20.2,8.4,8.6,32,10,0
P223,197000,189000,4.2,1400,3,1,21,7.8,43.9,3.1,27.7,15,189,1
P224,189000,178000,6.1,1143,2,1,15,7.7,36.1,4.3,15.6,36,222,1
P225,281000,237000,18.7,1576,3,2,35,5.2,39.3,4.4,14.3,17,329,1
P226,358000,329000,8.9,1514,3,2,25,7.3,14.5,9.4,7.0,28,107,0
P227,500000,469000,6.6,2420,6,3,16,7.4,23.8,6.6,11.7,22,113,0
P228,428000,415000,3.2,2181,5,3,25,4.7,22.8,7.7,12.8,7,131,0
P229,172000,165000,4.5,1025,3,2,21,7.3,42.7,4.4,15.2,5,127,0
P230,240000,206000,16.7,1275,3,1,18,6.8,34.3,4.4,18.3,11,177,0
P231,141000,134000,5.0,731,2,1,30,5.7,24.2,6.1,12.5,37,71,0
P232,194000,191000,1.4,1130,2,1,35,2.7,35.5,6.7,13.2,38,101,0
P233,271000,271000,-0.1,1516,3,3,48,3.4,20.8,9.2,7.9,19,34,0
P234,313000,313000,0.0,1770,5,3,13,7.8,35.2,5.4,15.6,38,47,0
P235,176000,191000,-7.6,1010,2,1,20,6.1,25.6,6.5,13.3,6,32,0
P236,208000,212000,-1.8,1215,2,1,33,4.4,30.8,5.9,12.6,38,60,0
P237,117000,99000,18.5,500,1,1,21,5.3,27.4,6.9,9.3,13,183,1
P238,273000,265000,3.1,1304,3,2,24,7.3,25.7,8.5,9.2,6,81,0
P239,139000,125000,11.3,824,1,2,23,6.5,48.2,2.9,18.3,31,244,1
P240,144000,174000,-17.3,1175,2,2,9,8.6,45.6,2.0,22.3,18,19,0
P241,228000,207000,10.1,959,3,1,11,9.0,25.4,6.3,8.1,15,83,0
P242,309000,299000,3.5,1535,3,2,34,3.6,15.9,7.3,5.6,31,88,0
P243,119000,118000,0.7,670,1,1,8,9.7,40.2,3.0,14.0,16,83,0
P244,83000,78000,6.6,582,2,1,30,5.7,47.8,3.5,17.9,31,163,0
P245,474000,472000,0.5,2439,5,4,14,8.7,31.0,8.4,12.0,11,48,0
P246,125000,146000,-14.1,728,1,2,26,6.2,23.0,7.2,8.2,8,15,0
P247,203000,179000,13.3,837,1,2,33,7.9,10.4,7.5,5.2,16,132,0
P248,417000,389000,7.2,2264,4,3,37,3.6,20.0,7.5,10.9,26,128,0
P249,460000,450000,2.2,2648,6,4,21,6.0,36.8,4.8,12.2,12,132,0
P250,136000,141000,-3.7,980,2,2,32,2.5,38.8,5.6,18.5,10,154,0
P251,200000,218000,-8.2,1141,2,2,20,7.7,34.5,5.8,11.4,31,7,0
P252,301000,281000,7.0,1479,3,2,11,9.9,32.5,5.0,12.3,22,101,0
P253,375000,314000,19.5,2099,5,2,35,5.9,33.5,4.2,17.0,20,310,1
P254,216000,202000,6.8,888,1,1,15,7.7,15.4,9.9,1.0,13,94,0
P255,278000,300000,-7.4,1422,3,2,41,5.3,12.5,8.7,3.3,5,105,0
P256,386000,361000,7.0,1825,3,2,28,3.9,21.1,7.4,9.4,6,187,1
P257,317000,303000,4.5,1801,4,3,18,7.8,35.7,4.4,12.2,28,166,0
P258,336000,298000,12.8,1503,3,2,30,4.9,28.9,6.4,10.8,7,273,1
P259,286000,259000,10.5,1216,3,2,3,7.9,20.7,7.3,12.5,13,133,0
P260,114000,146000,-21.9,790,2,1,27,5.3,24.7,5.3,9.5,36,7,0
P261,276000,251000,9.9,1152,2,1,16,8.2,19.2,7.6,7.6,17,132,0
P262,222000,231000,-4.0,1187,2,1,38,6.9,19.9,7.6,11.7,31,7,0
P263,269000,292000,-7.8,1429,3,2,19,7.8,24.7,7.4,8.1,17,7,0
P264,199000,193000,3.3,1023,2,2,38,5.6,30.7,7.5,11.2,37,58,0
P265,302000,278000,8.7,1486,4,2,32,5.1,25.0,6.5,9.3,33,136,0
P266,233000,258000,-9.8,1838,4,2,28,5.7,47.6,4.1,18.2,21,54,0
P267,255000,229000,11.3,1324,3,1,28,3.3,18.2,6.9,10.1,28,154,0
P268,326000,291000,11.9,1659,3,3,24,5.6,34.9,5.5,14.9,19,187,1
P269,220000,209000,5.4,1314,2,2,11,7.8,40.3,4.7,19.4,38,116,0
P270,376000,387000,-2.8,1737,3,2,27,6.5,11.6,9.3,4.9,17,7,0
P271,230000,239000,-3.8,1021,2,2,11,9.5,18.8,8.4,2.5,34,7,0
P272,399000,349000,14.2,1551,3,3,0,9.5,16.5,7.1,4.4,26,59,0
P273,199000,218000,-8.6,1201,3,2,27,4.8,27.0,6.7,11.8,27,7,0
P274,622000,543000,14.6,2547,6,3,25,7.1,16.3,8.6,10.3,17,160,0
P275,403000,389000,3.5,2242,5,3,30,4.3,22.2,6.9,12.7,34,118,0
P276,309000,297000,4.1,1609,2,4,28,4.6,23.6,5.6,10.4,31,133,0
P277,120000,134000,-10.4,895,2,2,27,5.0,43.7,3.5,17.9,33,74,0
P278,198000,191000,3.7,925,3,1,2,8.5,18.0,7.0,9.9,33,77,0
P279,369000,334000,10.5,1801,4,3,21,6.3,26.4,6.0,11.0,10,188,1
P280,235000,253000,-7.0,1694,2,2,27,7.2,40.1,2.4,15.3,35,71,0
P281,360000,329000,9.5,1713,4,3,11,6.9,37.4,6.2,15.0,34,142,0
P282,103000,97000,5.8,626,1,1,53,2.4,33.8,4.4,7.2,13,236,1
P283,299000,301000,-0.8,1525,4,3,41,1.6,11.6,8.1,6.4,39,72,0
P284,348000,309000,12.7,1486,4,3,19,8.2,27.2,8.5,7.5,23,170,0
P285,152000,178000,-14.8,983,2,1,25,6.3,26.9,7.5,11.1,16,7,0
P286,271000,251000,8.1,1333,3,2,15,6.8,31.8,5.4,14.4,12,134,0
P287,329000,275000,19.6,1652,4,2,32,2.9,24.2,5.8,10.4,17,257,1
P288,255000,216000,18.0,1233,4,2,25,5.3,36.1,5.7,11.5,6,284,1
P289,253000,233000,8.5,1305,3,2,15,10.0,38.1,5.7,16.1,29,167,0
P290,280000,274000,2.3,1475,2,2,20,8.9,27.2,5.4,13.4,29,23,0
P291,179000,180000,-0.7,1088,3,3,15,6.7,35.8,4.4,14.1,28,140,0
P292,223000,218000,2.3,1468,4,2,14,4.5,42.4,5.2,13.9,24,109,0
P293,430000,391000,9.9,2095,5,3,33,5.6,23.4,6.5,8.2,17,120,0
P294,81000,83000,-2.3,500,1,1,46,4.1,28.7,7.2,13.0,30,99,0
P295,172000,154000,11.8,1071,3,2,28,6.5,43.7,2.0,19.3,35,185,1
P296,334000,269000,24.2,1440,4,2,12,8.7,33.6,5.7,13.4,8,203,1
P297,288000,276000,4.4,1494,5,2,43,2.6,22.8,6.3,7.5,18,161,0
P298,221000,238000,-7.1,1215,2,2,36,4.8,20.2,6.9,6.4,39,22,0
P299,96000,103000,-7.1,542,1,1,34,4.4,19.0,8.3,11.3,35,56,0
P300,286000,255000,12.0,1494,3,2,33,4.6,30.3,6.0,11.5,39,156,0
P301,369000,353000,4.5,2173,4,3,25,5.5,39.8,4.4,14.5,11,157,0
P302,115000,102000,12.9,763,1,1,49,1.6,48.0,3.7,18.5,21,269,1
P303,341000,340000,0.2,1752,2,3,19,7.9,30.7,6.4,9.2,9,139,0
P304,266000,236000,12.5,1203,2,1,22,8.3,30.5,6.8,9.3,35,23,0
P305,294000,284000,3.6,1383,3,2,25,6.8,30.8,8.8,6.9,23,46,0
P306,121000,123000,-1.6,696,2,1,43,3.0,22.2,5.7,7.6,13,126,0
P307,220000,217000,1.4,1307,4,3,45,4.3,33.1,5.1,13.0,8,112,0
P308,311000,330000,-5.8,1985,4,2,10,8.0,44.0,4.1,21.2,30,28,0
P309,294000,239000,22.9,1667,4,3,50,2.1,28.8,5.4,13.9,33,314,1
P310,432000,415000,4.1,2295,5,3,28,5.9,26.3,6.7,6.4,35,76,0
P311,306000,276000,10.8,1695,5,3,37,3.1,29.8,5.9,13.5,38,180,0
P312,240000,240000,0.2,1361,4,2,15,6.6,37.8,4.8,14.4,33,89,0
P313,377000,395000,-4.5,2218,5,3,32,5.2,27.0,6.0,11.1,32,44,0
P314,285000,277000,2.9,1597,3,2,21,6.6,35.1,5.0,14.5,33,79,0
P315,355000,309000,14.9,1793,4,3,20,7.0,40.0,5.9,14.5,39,163,0
P316,251000,250000,0.3,1211,3,2,0,10.0,30.6,5.9,10.6,21,30,0
P317,248000,255000,-2.8,1510,3,1,36,6.2,33.0,5.3,14.8,31,11,0
P318,242000,227000,6.4,1198,3,2,21,7.7,25.1,6.5,9.9,33,114,0
P319,354000,323000,9.5,1903,5,3,43,1.8,32.1,7.7,9.0,9,191,1
P320,169000,141000,19.8,838,2,2,6,8.3,43.4,3.9,22.6,29,260,1
P321,262000,242000,8.2,1499,4,2,30,5.2,27.9,6.0,12.5,16,210,1
P322,319000,288000,10.8,1407,3,2,27,3.8,15.8,9.3,6.4,9,196,1
P323,358000,321000,11.5,2074,5,3,33,5.4,41.1,4.1,13.7,10,186,1
P324,201000,213000,-5.4,1815,4,2,38,2.5,52.2,2.4,20.7,8,164,0
P325,290000,301000,-3.7,2114,4,3,27,6.4,50.4,2.8,17.6,36,46,0
P326,329000,346000,-4.8,1810,4,2,12,9.0,30.9,5.8,11.0,32,7,0
P327,136000,146000,-7.0,796,1,2,20,8.1,32.1,6.7,14.0,8,94,0
P328,280000,250000,12.2,1557,4,3,40,2.5,31.3,6.0,13.4,26,266,1
P329,169000,157000,7.6,767,2,1,33,6.2,16.4,8.1,8.3,28,58,0
P330,157000,149000,5.7,1140,3,3,8,7.8,53.0,1.0,19.1,23,169,0
P331,298000,365000,-18.3,2170,4,3,37,2.9,26.5,5.9,14.1,26,7,0
P332,422000,342000,23.5,1694,3,3,26,4.4,15.8,10.0,3.4,36,234,1
P333,152000,157000,-3.0,951,2,2,11,7.8,32.6,4.1,19.6,23,12,0
P334,215000,174000,23.5,994,2,1,18,7.8,31.8,4.8,15.6,28,190,1
P335,230000,250000,-8.0,1484,3,2,13,7.6,37.0,5.9,16.2,24,56,0
P336,152000,156000,-2.3,863,2,1,3,8.5,36.9,4.8,13.9,18,7,0
P337,170000,200000,-14.8,1124,4,2,10,7.5,31.9,5.9,13.6,36,7,0
P338,356000,329000,8.3,1509,4,2,13,7.9,19.1,8.2,5.3,19,94,0
P339,496000,522000,-4.9,2097,5,3,4,10.0,9.1,8.7,4.7,32,7,0
P340,254000,267000,-4.7,1566,4,2,29,6.5,26.5,5.3,12.8,26,59,0
P341,98000,106000,-7.4,500,1,1,34,4.7,11.5,7.9,1.0,28,7,0
P342,319000,285000,12.0,1538,3,3,16,6.9,32.7,6.0,14.1,31,174,0
P343,381000,342000,11.4,1538,2,2,13,6.9,21.0,9.0,4.8,30,100,0
P344,294000,242000,21.3,1407,3,3,25,3.4,34.0,7.3,11.4,24,228,1
P345,334000,338000,-1.2,1970,5,3,35,4.1,22.9,6.3,10.4,26,99,0
P346,113000,106000,7.0,500,1,1,6,9.6,25.8,4.7,11.3,22,74,0
P347,268000,287000,-6.6,1138,2,1,26,5.6,2.4,10.0,1.0,16,7,0
P348,298000,292000,2.0,1532,3,2,35,5.8,23.0,9.6,4.1,30,111,0
P349,112000,112000,0.3,642,2,1,12,8.1,38.5,5.6,15.6,35,108,0
P350,467000,428000,9.2,2144,5,4,26,5.8,17.6,6.9,9.2,29,94,0
P351,288000,252000,14.2,1489,4,2,26,5.1,33.5,5.9,13.0,32,171,0
P352,361000,317000,13.9,1809,4,3,18,7.2,36.1,4.6,11.7,34,157,0
P353,201000,206000,-2.6,1107,2,2,48,4.5,25.1,6.4,8.5,17,80,0
P354,389000,341000,14.0,1847,4,3,13,6.0,26.5,5.8,8.9,7,161,0
P355,419000,401000,4.6,1938,3,2,5,9.4,26.1,6.5,8.8,16,111,0
P356,270000,264000,2.1,1422,2,3,26,7.5,19.1,4.5,10.4,31,106,0
P357,268000,272000,-1.4,1485,3,2,21,3.8,24.5,5.6,12.3,33,50,0
P358,303000,303000,-0.0,1647,3,2,27,5.0,24.1,6.7,9.6,22,111,0
P359,171000,142000,20.7,1059,3,1,26,4.9,43.4,2.6,18.9,32,294,1
P360,240000,223000,7.8,1166,4,1,26,5.4,24.7,7.4,13.2,7,176,0
P361,232000,218000,6.6,1410,4,1,21,4.9,38.6,3.5,16.6,27,119,0
P362,235000,229000,2.6,1442,3,3,19,7.8,33.9,4.3,18.4,28,109,0
P363,410000,323000,27.0,2019,4,2,46,4.4,31.4,5.0,11.5,22,324,1
P364,233000,200000,16.7,1047,2,3,19,7.3,25.5,7.4,10.5,30,187,1
P365,219000,222000,-1.5,1379,4,1,24,5.5,38.2,3.5,10.4,22,86,0
P366,432000,421000,2.5,2086,5,2,22,8.3,17.4,6.5,10.6,23,7,0
P367,148000,144000,3.1,1040,3,2,32,3.5,42.2,4.2,18.3,26,137,0
P368,219000,206000,6.3,1111,2,2,10,9.8,32.5,6.7,13.3,32,89,0
P369,259000,262000,-1.3,1447,3,2,23,8.2,36.5,5.3,14.1,13,76,0
P370,372000,342000,8.9,1808,4,3,16,9.2,30.9,6.4,13.7,15,193,1
P371,302000,256000,18.1,1510,2,1,34,3.9,26.5,6.5,7.8,19,273,1
P372,301000,323000,-6.8,1931,4,3,18,7.7,32.9,3.6,14.9,12,64,0
P373,324000,342000,-5.2,1712,4,2,14,6.7,17.6,6.8,6.8,16,25,0
P374,270000,268000,0.7,1635,5,2,35,2.6,27.1,5.1,15.3,17,181,1
P375,213000,211000,1.1,1522,3,2,20,6.0,47.0,1.9,21.3,15,142,0
P376,389000,316000,23.0,2228,4,3,19,7.4,45.2,3.2,15.4,19,296,1
P377,295000,259000,14.0,1395,3,1,24,7.0,32.6,5.1,9.0,22,132,0
P378,144000,127000,13.5,715,1,1,26,6.1,30.9,5.9,12.6,29,222,1
P379,426000,415000,2.6,2293,5,3,25,6.3,27.1,4.8,11.5,15,124,0
P380,200000,195000,2.4,999,2,2,5,9.4,29.1,6.2,9.5,34,21,0
P381,279000,304000,-8.1,1536,3,2,10,9.2,28.9,6.0,15.0,21,7,0
P382,410000,366000,12.0,2160,5,3,55,1.0,22.8,8.6,8.8,30,229,1
P383,104000,95000,9.4,624,1,1,25,4.9,47.5,4.5,17.4,9,206,1
P384,152000,130000,16.6,849,1,2,25,6.0,37.9,5.1,15.3,11,241,1
P385,71000,69000,3.1,500,2,1,45,4.1,39.5,3.6,17.8,20,171,0
P386,208000,201000,3.7,1075,2,2,22,7.1,29.1,6.5,10.1,17,121,0
P387,345000,324000,6.5,1470,3,3,14,7.2,18.7,7.2,6.5,22,48,0
P388,298000,264000,13.0,1660,4,2,44,3.8,31.9,5.0,14.9,10,223,1
P389,159000,173000,-8.2,1337,4,2,21,5.9,46.3,1.8,18.7,21,50,0
P390,124000,111000,11.6,829,2,1,40,4.1,43.3,2.7,22.0,29,237,1
P391,81000,77000,4.8,500,1,1,35,6.1,33.2,3.7,15.7,30,146,0
P392,234000,245000,-4.5,1330,3,2,3,7.5,28.1,4.0,16.8,13,33,0
P393,150000,174000,-13.8,1051,2,2,25,3.7,30.5,3.5,11.5,17,32,0
P394,260000,250000,3.8,1348,4,2,16,6.2,25.5,5.2,10.0,23,124,0
P395,304000,258000,18.0,1684,3,2,39,2.9,35.1,6.0,10.9,23,298,1
P396,372000,310000,20.1,1392,3,1,6,9.8,23.0,6.4,8.3,32,148,0
P397,289000,267000,8.2,1556,4,3,22,7.4,32.5,3.8,14.8,18,145,0
P398,304000,248000,22.7,1558,3,2,33,6.6,36.7,6.1,14.5,28,248,1
P399,326000,312000,4.6,1585,3,2,21,5.6,18.3,6.3,8.1,35,33,0
P400,143000,126000,13.6,954,3,2,37,4.4,41.8,3.8,15.6,15,257,1
P401,254000,252000,0.9,1253,3,2,3,7.9,28.1,7.1,10.3,33,33,0
P402,290000,289000,0.4,1617,4,1,29,6.0,32.4,6.7,10.7,16,77,0
P403,318000,322000,-1.1,1842,4,3,27,4.6,28.5,4.5,11.2,16,102,0
P404,218000,252000,-13.5,1207,2,1,31,5.1,19.9,8.4,8.7,27,7,0
P405,319000,274000,16.6,1709,3,2,41,5.1,29.5,3.7,14.3,26,174,0
P406,263000,265000,-0.8,1141,2,2,24,8.2,6.5,10.0,6.3,24,26,0
P407,235000,240000,-2.2,1351,3,2,26,5.2,34.9,4.4,11.8,13,68,0
P408,270000,286000,-5.6,1791,4,3,14,7.2,48.2,3.1,17.6,8,60,0
P409,94000,91000,3.2,500,1,1,23,5.1,31.3,5.3,11.6,36,48,0
P410,170000,141000,20.9,869,1,1,19,7.3,39.5,3.1,12.9,35,247,1
P411,126000,102000,23.8,639,1,1,25,5.9,28.0,5.9,17.9,36,315,1
P412,96000,106000,-9.9,500,1,1,5,10.0,18.3,8.6,10.1,22,7,0
P413,207000,203000,1.8,1161,1,2,42,2.7,25.5,6.5,11.3,35,100,0
P414,239000,250000,-4.3,1387,3,1,7,9.0,34.2,3.9,13.0,21,79,0
P415,349000,306000,13.9,1415,3,2,17,9.6,16.7,5.8,7.7,7,76,0
P416,237000,220000,7.6,1123,4,3,34,3.2,19.8,7.7,5.6,11,215,1
P417,424000,427000,-0.7,1816,4,4,0,10.0,17.5,8.0,8.7,14,74,0
P418,453000,429000,5.7,2121,4,4,15,8.6,29.0,6.3,10.5,18,7,0
P419,295000,293000,0.7,1331,3,1,17,7.5,18.3,8.4,7.3,37,7,0
P420,306000,256000,19.5,1833,3,3,30,5.1,51.8,3.3,22.2,16,263,1
P421,246000,224000,9.9,1310,2,2,25,6.4,32.9,5.7,15.6,26,157,0
P422,202000,182000,11.0,1146,2,2,31,4.7,37.3,4.4,17.0,14,193,1
P423,136000,168000,-19.0,902,3,1,22,6.6,33.2,5.3,8.7,27,7,0
P424,166000,159000,4.4,869,1,1,4,8.5,31.2,5.6,12.9,24,89,0
P425,219000,177000,23.7,994,2,1,16,6.9,42.8,5.7,10.7,10,239,1
P426,270000,231000,16.9,1096,3,2,40,3.9,14.6,9.7,5.9,21,170,0
P427,277000,313000,-11.6,1692,5,3,23,6.9,33.1,6.4,13.0,8,27,0
P428,417000,408000,2.2,2052,4,3,17,7.7,28.4,5.5,7.6,36,7,0
P429,152000,161000,-5.8,882,2,1,26,8.0,39.6,4.5,12.6,29,7,0
P430,380000,316000,20.4,1665,4,2,23,9.2,32.5,5.5,8.7,37,254,1
P431,137000,128000,7.2,725,1,1,31,4.3,23.5,5.2,11.9,35,103,0
P432,276000,281000,-1.9,1565,4,3,30,4.6,31.6,7.3,6.9,12,96,0
P433,255000,242000,5.3,1237,2,2,42,3.6,18.1,8.1,8.4,29,89,0
P434,118000,145000,-18.5,731,1,1,44,3.9,15.6,9.5,6.2,8,7,0
P435,298000,313000,-4.8,1656,4,2,21,5.7,22.1,6.8,14.6,38,76,0
P436,266000,253000,5.3,1320,2,1,22,5.3,26.8,7.1,11.3,32,114,0
P437,196000,174000,12.6,1156,2,1,31,4.7,37.8,5.1,15.8,28,160,0
P438,100000,114000,-12.5,779,2,2,46,1.0,31.2,6.2,14.0,39,11,0
P439,194000,191000,1.6,1024,3,1,41,4.0,20.4,7.6,5.4,34,73,0
P440,359000,315000,14.1,1496,3,2,9,8.4,29.9,8.6,6.6,35,99,0
P441,189000,206000,-8.1,1162,3,3,33,4.8,36.0,6.4,11.8,8,7,0
P442,340000,317000,7.1,1559,4,3,19,5.6,22.2,7.2,4.1,5,154,0
P443,263000,249000,5.6,1416,3,2,38,4.1,25.8,6.1,10.0,38,88,0
P444,462000,384000,20.4,1733,5,3,7,8.5,17.7,8.5,5.2,13,219,1
P445,228000,222000,2.9,1200,3,2,26,6.7,31.8,7.5,11.0,19,171,0
P446,94000,91000,3.5,519,3,1,32,6.0,31.9,5.4,11.3,6,129,0
P447,428000,380000,12.7,1790,4,4,9,8.9,25.3,7.6,11.5,26,110,0
P448,142000,152000,-6.9,1142,2,2,12,8.7,60.3,1.0,23.8,33,25,0
P449,342000,332000,3.0,1797,4,3,28,6.5,24.4,6.6,13.3,34,109,0
P450,174000,172000,0.9,1813,4,3,35,5.1,62.7,1.0,26.6,25,197,1
P451,195000,188000,3.7,1348,3,1,34,5.3,39.2,2.7,17.4,28,127,0
P452,349000,310000,12.6,1586,3,3,16,6.2,28.8,8.6,9.7,22,137,0
P453,430000,391000,10.0,2065,5,3,26,7.2,33.5,6.7,7.4,20,132,0
P454,334000,340000,-1.7,2256,5,2,20,4.5,43.3,3.8,17.5,24,107,0
P455,279000,263000,6.2,1457,3,1,16,8.1,42.3,4.9,16.0,37,121,0
P456,333000,281000,18.4,1349,3,2,36,6.3,14.3,6.6,11.5,13,164,0
P457,377000,387000,-2.5,1993,5,3,2,8.7,35.3,4.6,12.7,21,82,0
P458,214000,201000,6.3,875,2,1,13,7.2,6.0,10.0,2.5,26,9,0
P459,312000,302000,3.3,1516,2,2,10,9.7,29.1,5.5,10.9,24,114,0
P460,265000,254000,4.4,1318,2,3,17,7.4,29.4,6.0,10.8,6,84,0
P461,318000,352000,-9.7,1561,3,2,12,8.2,15.9,9.6,6.3,15,7,0
P462,195000,166000,17.7,948,2,1,35,4.6,23.2,7.3,11.4,27,203,1
P463,95000,97000,-2.0,652,1,1,35,3.6,33.8,4.8,18.2,29,104,0
P464,104000,91000,14.2,500,1,1,18,6.7,25.5,5.5,11.2,30,193,1
P465,153000,154000,-0.6,809,2,1,12,7.0,32.3,5.8,14.1,39,83,0
P466,188000,189000,-0.6,1252,2,1,25,6.5,50.5,3.2,18.5,28,155,0
P467,241000,208000,15.9,1297,2,2,36,4.3,37.8,4.8,13.0,25,223,1
P468,385000,338000,13.9,2261,6,3,33,4.7,29.1,4.0,14.3,16,260,1
P469,365000,341000,6.9,1846,4,4,38,3.7,27.4,7.0,13.2,17,128,0
P470,192000,172000,11.9,1063,2,1,44,3.6,33.4,5.2,10.2,33,168,0
P471,274000,268000,2.4,1528,3,3,23,6.0,26.4,4.3,13.7,21,71,0
P472,235000,224000,4.9,1180,2,2,7,7.6,29.7,6.0,10.9,30,66,0
P473,235000,237000,-1.0,1285,3,2,30,6.4,32.4,6.5,14.7,9,102,0
P474,322000,285000,13.1,1687,3,2,34,1.6,26.7,8.3,11.3,9,176,0
P475,234000,237000,-1.2,1518,3,2,25,5.9,33.8,3.9,14.6,12,127,0
P476,247000,209000,18.4,1340,3,2,24,4.9,41.8,4.6,17.2,11,321,1
P477,382000,374000,2.2,1652,3,2,5,9.1,11.5,8.0,8.1,26,44,0
P478,149000,142000,5.2,912,2,1,42,3.9,32.8,5.1,12.6,27,149,0
P479,258000,231000,11.8,1592,3,2,35,6.0,47.3,4.3,19.2,24,171,0
P480,575000,547000,5.2,2628,5,5,4,8.3,26.1,7.3,11.0,15,89,0
P481,303000,296000,2.3,1521,4,2,23,7.3,23.8,7.0,10.6,25,7,0
P482,317000,303000,4.7,1978,4,4,20,6.6,47.3,3.3,18.0,9,208,1
P483,304000,269000,13.0,1445,3,2,15,6.2,31.8,6.1,11.9,21,162,0
P484,322000,325000,-1.0,1631,4,3,31,7.7,28.6,6.1,9.5,10,131,0
P485,262000,252000,3.9,1280,3,1,10,8.0,30.1,6.0,10.6,7,43,0
P486,250000,238000,5.1,1289,3,2,35,5.2,28.6,6.5,8.2,10,177,0
P487,193000,171000,12.8,1073,2,2,18,9.1,45.6,2.9,21.0,8,212,1
P488,270000,259000,4.1,1502,4,3,40,3.0,28.1,6.9,8.6,21,134,0
P489,198000,163000,21.3,920,3,2,19,5.8,33.1,6.5,14.1,24,185,1
P490,272000,263000,3.6,1536,4,3,27,5.7,33.4,4.5,13.3,26,137,0
P491,383000,372000,2.9,1935,4,3,23,4.7,17.3,7.6,12.0,20,125,0
P492,357000,345000,3.5,1630,3,3,25,4.1,12.9,7.5,4.3,11,147,0
P493,256000,275000,-6.8,1299,3,2,28,4.7,12.7,8.6,3.4,5,64,0
P494,324000,339000,-4.3,1720,3,4,32,3.6,19.1,7.6,4.8,29,16,0
P495,221000,221000,0.2,1272,3,2,31,6.0,36.8,6.3,13.1,39,41,0
P496,378000,328000,15.2,1868,5,2,41,4.3,26.7,6.0,7.8,14,178,0
P497,128000,122000,4.7,612,1,1,20,6.1,27.1,8.0,8.0,12,154,0
P498,212000,211000,0.6,1238,2,3,40,4.4,33.2,6.0,7.2,15,103,0
P499,110000,95000,16.0,500,1,1,18,7.9,27.9,5.7,12.0,12,242,1
P500,219000,184000,19.0,993,2,1,32,3.3,25.0,6.3,7.7,12,262,1
